file,line_number,issue_type,severity,description,suggested_fix,fix_applied,page_url
public\sw.js,0,syntax_error,high,Unbalanced '{}': 438 opening vs 435 closing,Check for missing or extra { or },False,
public\sw.js,0,syntax_error,high,Unbalanced '()': 995 opening vs 993 closing,Check for missing or extra ( or ),False,
public\sw.js,1,code_quality,low,Use === instead of == for strict equality,Replace == with ===,False,
public\sw.js,2,code_quality,low,Use === instead of == for strict equality,Replace == with ===,False,
src\actions\create-user.ts,4,code_quality,low,Potentially unused import: 'type CookieOptions',Remove unused import 'type CookieOptions' if not needed,False,
src\actions\manage-user.ts,4,code_quality,low,Potentially unused import: 'type CookieOptions',Remove unused import 'type CookieOptions' if not needed,False,
src\app\(public)\apply\page.tsx,77,react_antipattern,medium,JSX element inside .map() may be missing key prop,Add key={uniqueId} prop to the element,False,
src\app\(public)\apply\page.tsx,168,react_antipattern,medium,JSX element inside .map() may be missing key prop,Add key={uniqueId} prop to the element,False,
src\app\admin\analytics\scorecard\page.tsx,83,react_antipattern,medium,JSX element inside .map() may be missing key prop,Add key={uniqueId} prop to the element,False,
src\app\admin\analytics\scorecard\page.tsx,5,code_quality,low,Potentially unused import: 'Building2',Remove unused import 'Building2' if not needed,False,
src\app\admin\analytics\scorecard\page.tsx,5,code_quality,low,Potentially unused import: 'DollarSign',Remove unused import 'DollarSign' if not needed,False,
src\app\admin\analytics\vacancy\page.tsx,53,react_antipattern,medium,JSX element inside .map() may be missing key prop,Add key={uniqueId} prop to the element,False,
src\app\admin\analytics\vacancy\page.tsx,6,code_quality,low,Potentially unused import: 'TrendingDown',Remove unused import 'TrendingDown' if not needed,False,
src\app\admin\analytics\vacancy\page.tsx,6,code_quality,low,Potentially unused import: 'TrendingUp',Remove unused import 'TrendingUp' if not needed,False,
src\app\admin\analytics\vacancy\page.tsx,6,code_quality,low,Potentially unused import: 'AlertTriangle',Remove unused import 'AlertTriangle' if not needed,False,
src\app\admin\analytics\vacancy\page.tsx,6,code_quality,low,Potentially unused import: 'Map',Remove unused import 'Map' if not needed,False,
src\app\admin\analytics\vacancy\page.tsx,6,code_quality,low,Potentially unused import: 'Building2',Remove unused import 'Building2' if not needed,False,
src\app\admin\analytics\vacancy\page.tsx,6,code_quality,low,Potentially unused import: 'Megaphone // Icon for MTM rolling leases',Remove unused import 'Megaphone // Icon for MTM rolling leases' if not needed,False,
src\app\admin\applications\page.tsx,77,react_antipattern,medium,JSX element inside .map() may be missing key prop,Add key={uniqueId} prop to the element,False,
src\app\admin\applications\page.tsx,109,react_antipattern,medium,JSX element inside .map() may be missing key prop,Add key={uniqueId} prop to the element,False,
src\app\admin\approvals\page.tsx,5,code_quality,low,Potentially unused import: 'Eye',Remove unused import 'Eye' if not needed,False,
src\app\admin\approvals\page.tsx,5,code_quality,low,Potentially unused import: 'Hammer',Remove unused import 'Hammer' if not needed,False,
src\app\admin\approvals\page.tsx,5,code_quality,low,Potentially unused import: 'DollarSign',Remove unused import 'DollarSign' if not needed,False,
src\app\admin\approvals\page.tsx,5,code_quality,low,Potentially unused import: 'ArrowRight',Remove unused import 'ArrowRight' if not needed,False,
src\app\admin\audit\lease-intelligence\page.tsx,6,code_quality,low,Potentially unused import: 'CheckCircle2',Remove unused import 'CheckCircle2' if not needed,False,
src\app\admin\audit\lease-intelligence\page.tsx,6,code_quality,low,Potentially unused import: 'FileText',Remove unused import 'FileText' if not needed,False,
src\app\admin\audit\lease-intelligence\page.tsx,6,code_quality,low,Potentially unused import: 'Landmark',Remove unused import 'Landmark' if not needed,False,
src\app\admin\audit\page.tsx,3,code_quality,low,Potentially unused import: 'useEffect',Remove unused import 'useEffect' if not needed,False,
src\app\admin\audit\page.tsx,6,code_quality,low,Potentially unused import: 'CheckCircle2',Remove unused import 'CheckCircle2' if not needed,False,
src\app\admin\audit\page.tsx,6,code_quality,low,Potentially unused import: 'FileText',Remove unused import 'FileText' if not needed,False,
src\app\admin\chat\page.tsx,118,react_antipattern,medium,JSX element inside .map() may be missing key prop,Add key={uniqueId} prop to the element,False,
src\app\admin\chat\page.tsx,6,code_quality,low,Potentially unused import: 'Users',Remove unused import 'Users' if not needed,False,
src\app\admin\chat\page.tsx,6,code_quality,low,Potentially unused import: 'Shield',Remove unused import 'Shield' if not needed,False,
src\app\admin\chat\page.tsx,6,code_quality,low,Potentially unused import: 'Search',Remove unused import 'Search' if not needed,False,
src\app\admin\chat\page.tsx,6,code_quality,low,Potentially unused import: 'MessageSquare',Remove unused import 'MessageSquare' if not needed,False,
src\app\admin\compliance\evictions\page.tsx,141,react_antipattern,medium,JSX element inside .map() may be missing key prop,Add key={uniqueId} prop to the element,False,
src\app\admin\compliance\evictions\page.tsx,4,code_quality,low,Potentially unused import: 'AlertTriangle',Remove unused import 'AlertTriangle' if not needed,False,
src\app\admin\compliance\evictions\page.tsx,10,code_quality,low,Potentially unused import: 'type EvictionCase',Remove unused import 'type EvictionCase' if not needed,False,
src\app\admin\compliance\evictions\page.tsx,10,code_quality,low,Potentially unused import: 'type EvictionStatus',Remove unused import 'type EvictionStatus' if not needed,False,
src\app\admin\compliance\evictions\page.tsx,10,code_quality,low,Potentially unused import: 'type NoticeType',Remove unused import 'type NoticeType' if not needed,False,
src\app\admin\compliance\evictions\page.tsx,10,code_quality,low,Potentially unused import: 'type CreateEvictionInput',Remove unused import 'type CreateEvictionInput' if not needed,False,
src\app\admin\compliance\page.tsx,9,code_quality,low,Potentially unused import: 'type ComplianceFilters',Remove unused import 'type ComplianceFilters' if not needed,False,
src\app\admin\compliance\page.tsx,9,code_quality,low,Potentially unused import: 'type ComplianceAlert',Remove unused import 'type ComplianceAlert' if not needed,False,
src\app\admin\documents\page.tsx,4,code_quality,low,Potentially unused import: 'Share2',Remove unused import 'Share2' if not needed,False,
src\app\admin\documents\page.tsx,4,code_quality,low,Potentially unused import: 'AlertCircle',Remove unused import 'AlertCircle' if not needed,False,
src\app\admin\documents\page.tsx,9,code_quality,low,Potentially unused import: 'toast',Remove unused import 'toast' if not needed,False,
src\app\admin\documents\page.tsx,10,code_quality,low,Potentially unused import: 'type Document',Remove unused import 'type Document' if not needed,False,
src\app\admin\documents\page.tsx,10,code_quality,low,Potentially unused import: 'type DocumentFilters',Remove unused import 'type DocumentFilters' if not needed,False,
src\app\admin\finance\ap\page.tsx,242,react_antipattern,medium,JSX element inside .map() may be missing key prop,Add key={uniqueId} prop to the element,False,
src\app\admin\finance\ap\page.tsx,4,code_quality,low,Potentially unused import: 'Calendar',Remove unused import 'Calendar' if not needed,False,
src\app\admin\finance\ap\page.tsx,11,code_quality,low,Potentially unused import: 'toast',Remove unused import 'toast' if not needed,False,
src\app\admin\finance\ap\page.tsx,13,code_quality,low,Potentially unused import: 'type Bill',Remove unused import 'type Bill' if not needed,False,
src\app\admin\finance\ap\page.tsx,13,code_quality,low,Potentially unused import: 'type BillFilters',Remove unused import 'type BillFilters' if not needed,False,
src\app\admin\finance\ar-agent\page.tsx,99,react_antipattern,medium,JSX element inside .map() may be missing key prop,Add key={uniqueId} prop to the element,False,
src\app\admin\finance\ar-agent\page.tsx,10,code_quality,low,Potentially unused import: 'type ARAction',Remove unused import 'type ARAction' if not needed,False,
src\app\admin\finance\billing\page.tsx,6,code_quality,low,Potentially unused import: 'Hash',Remove unused import 'Hash' if not needed,False,
src\app\admin\finance\billing\page.tsx,12,code_quality,low,Potentially unused import: 'type BillingSettingsUpdate',Remove unused import 'type BillingSettingsUpdate' if not needed,False,
src\app\admin\finance\budgets\page.tsx,164,react_antipattern,medium,JSX element inside .map() may be missing key prop,Add key={uniqueId} prop to the element,False,
src\app\admin\finance\budgets\page.tsx,280,react_antipattern,medium,JSX element inside .map() may be missing key prop,Add key={uniqueId} prop to the element,False,
src\app\admin\finance\budgets\page.tsx,655,react_antipattern,medium,JSX element inside .map() may be missing key prop,Add key={uniqueId} prop to the element,False,
src\app\admin\finance\budgets\page.tsx,760,react_antipattern,medium,JSX element inside .map() may be missing key prop,Add key={uniqueId} prop to the element,False,
src\app\admin\finance\budgets\page.tsx,9,code_quality,low,Potentially unused import: 'BarChart',Remove unused import 'BarChart' if not needed,False,
src\app\admin\finance\budgets\page.tsx,9,code_quality,low,Potentially unused import: 'Area',Remove unused import 'Area' if not needed,False,
src\app\admin\finance\budgets\page.tsx,16,code_quality,low,Potentially unused import: 'type Budget',Remove unused import 'type Budget' if not needed,False,
src\app\admin\finance\budgets\page.tsx,16,code_quality,low,Potentially unused import: 'type BudgetLineItem',Remove unused import 'type BudgetLineItem' if not needed,False,
src\app\admin\finance\budgets\page.tsx,16,code_quality,low,Potentially unused import: 'type BudgetVsActualRow',Remove unused import 'type BudgetVsActualRow' if not needed,False,
src\app\admin\finance\budgets\page.tsx,16,code_quality,low,Potentially unused import: 'type ForecastMonth',Remove unused import 'type ForecastMonth' if not needed,False,
src\app\admin\finance\budgets\page.tsx,16,code_quality,low,Potentially unused import: 'type BudgetStatus',Remove unused import 'type BudgetStatus' if not needed,False,
src\app\admin\finance\distributions\page.tsx,26,react_antipattern,medium,JSX element inside .map() may be missing key prop,Add key={uniqueId} prop to the element,False,
src\app\admin\finance\distributions\page.tsx,4,code_quality,low,Potentially unused import: 'DollarSign',Remove unused import 'DollarSign' if not needed,False,
src\app\admin\finance\page.tsx,50,react_antipattern,medium,JSX element inside .map() may be missing key prop,Add key={uniqueId} prop to the element,False,
src\app\admin\finance\payroll\page.tsx,115,react_antipattern,medium,JSX element inside .map() may be missing key prop,Add key={uniqueId} prop to the element,False,
src\app\admin\finance\reconcile\page.tsx,74,react_antipattern,medium,JSX element inside .map() may be missing key prop,Add key={uniqueId} prop to the element,False,
src\app\admin\finance\reconcile\page.tsx,4,code_quality,low,Potentially unused import: 'ArrowRightLeft',Remove unused import 'ArrowRightLeft' if not needed,False,
src\app\admin\finance\reconcile\page.tsx,4,code_quality,low,Potentially unused import: 'Filter',Remove unused import 'Filter' if not needed,False,
src\app\admin\finance\reconcile\page.tsx,4,code_quality,low,Potentially unused import: 'Search',Remove unused import 'Search' if not needed,False,
src\app\admin\finance\statements\page.tsx,147,react_antipattern,medium,JSX element inside .map() may be missing key prop,Add key={uniqueId} prop to the element,False,
src\app\admin\finance\statements\page.tsx,6,code_quality,low,Potentially unused import: 'User',Remove unused import 'User' if not needed,False,
src\app\admin\finance\statements\page.tsx,6,code_quality,low,Potentially unused import: 'Filter',Remove unused import 'Filter' if not needed,False,
src\app\admin\finance\tax-forms\page.tsx,166,react_antipattern,medium,JSX element inside .map() may be missing key prop,Add key={uniqueId} prop to the element,False,
src\app\admin\finance\tax-forms\page.tsx,356,react_antipattern,medium,JSX element inside .map() may be missing key prop,Add key={uniqueId} prop to the element,False,
src\app\admin\finance\tax-forms\page.tsx,4,code_quality,low,Potentially unused import: 'CheckCircle2',Remove unused import 'CheckCircle2' if not needed,False,
src\app\admin\finance\tax-forms\page.tsx,11,code_quality,low,Potentially unused import: 'type PayerSettingsPayload',Remove unused import 'type PayerSettingsPayload' if not needed,False,
src\app\admin\finance\tax-forms\page.tsx,11,code_quality,low,Potentially unused import: 'type VendorPaymentSummary',Remove unused import 'type VendorPaymentSummary' if not needed,False,
src\app\admin\finance\tax-forms\page.tsx,11,code_quality,low,Potentially unused import: 'type OwnerDistributionSummary',Remove unused import 'type OwnerDistributionSummary' if not needed,False,
src\app\admin\finance\tax-forms\page.tsx,11,code_quality,low,Potentially unused import: 'type TaxForm1099',Remove unused import 'type TaxForm1099' if not needed,False,
src\app\admin\inspections\page.tsx,351,react_antipattern,medium,JSX element inside .map() may be missing key prop,Add key={uniqueId} prop to the element,False,
src\app\admin\inspections\page.tsx,521,react_antipattern,medium,JSX element inside .map() may be missing key prop,Add key={uniqueId} prop to the element,False,
src\app\admin\inspections\page.tsx,666,react_antipattern,medium,JSX element inside .map() may be missing key prop,Add key={uniqueId} prop to the element,False,
src\app\admin\inspections\page.tsx,4,code_quality,low,Potentially unused import: 'EyeOff',Remove unused import 'EyeOff' if not needed,False,
src\app\admin\inspections\page.tsx,13,code_quality,low,Potentially unused import: 'type Inspection',Remove unused import 'type Inspection' if not needed,False,
src\app\admin\inspections\page.tsx,13,code_quality,low,Potentially unused import: 'type InspectionArea',Remove unused import 'type InspectionArea' if not needed,False,
src\app\admin\inspections\page.tsx,13,code_quality,low,Potentially unused import: 'type InspectionPhoto',Remove unused import 'type InspectionPhoto' if not needed,False,
src\app\admin\inspections\page.tsx,13,code_quality,low,Potentially unused import: 'type InspectionFilters',Remove unused import 'type InspectionFilters' if not needed,False,
src\app\admin\inspections\page.tsx,13,code_quality,low,Potentially unused import: 'type ConditionRating',Remove unused import 'type ConditionRating' if not needed,False,
src\app\admin\leases\page.tsx,32,react_antipattern,medium,JSX element inside .map() may be missing key prop,Add key={uniqueId} prop to the element,False,
src\app\admin\leases\page.tsx,176,react_antipattern,medium,JSX element inside .map() may be missing key prop,Add key={uniqueId} prop to the element,False,
src\app\admin\leases\page.tsx,215,react_antipattern,medium,JSX element inside .map() may be missing key prop,Add key={uniqueId} prop to the element,False,
src\app\admin\leases\page.tsx,4,code_quality,low,Potentially unused import: 'Filter',Remove unused import 'Filter' if not needed,False,
src\app\admin\leases\page.tsx,7,code_quality,low,Potentially unused import: 'type LeaseDetail',Remove unused import 'type LeaseDetail' if not needed,False,
src\app\admin\leases\page.tsx,8,code_quality,low,Potentially unused import: 'type RenewalScore',Remove unused import 'type RenewalScore' if not needed,False,
src\app\admin\leases\templates\page.tsx,218,react_antipattern,medium,JSX element inside .map() may be missing key prop,Add key={uniqueId} prop to the element,False,
src\app\admin\leases\templates\page.tsx,332,react_antipattern,medium,JSX element inside .map() may be missing key prop,Add key={uniqueId} prop to the element,False,
src\app\admin\leases\templates\page.tsx,493,react_antipattern,medium,JSX element inside .map() may be missing key prop,Add key={uniqueId} prop to the element,False,
src\app\admin\leases\templates\page.tsx,561,react_antipattern,medium,JSX element inside .map() may be missing key prop,Add key={uniqueId} prop to the element,False,
src\app\admin\leases\templates\page.tsx,3,code_quality,low,Potentially unused import: 'useCallback',Remove unused import 'useCallback' if not needed,False,
src\app\admin\leases\templates\page.tsx,25,code_quality,low,Potentially unused import: 'type LeaseTemplate',Remove unused import 'type LeaseTemplate' if not needed,False,
src\app\admin\leases\templates\page.tsx,25,code_quality,low,Potentially unused import: 'type LeaseClause',Remove unused import 'type LeaseClause' if not needed,False,
src\app\admin\leases\templates\page.tsx,25,code_quality,low,Potentially unused import: 'type LeaseTemplateContent',Remove unused import 'type LeaseTemplateContent' if not needed,False,
src\app\admin\leasing-crm\page.tsx,228,react_antipattern,medium,JSX element inside .map() may be missing key prop,Add key={uniqueId} prop to the element,False,
src\app\admin\leasing-crm\page.tsx,334,react_antipattern,medium,JSX element inside .map() may be missing key prop,Add key={uniqueId} prop to the element,False,
src\app\admin\leasing-crm\page.tsx,431,react_antipattern,medium,JSX element inside .map() may be missing key prop,Add key={uniqueId} prop to the element,False,
src\app\admin\leasing-crm\page.tsx,4,code_quality,low,Potentially unused import: 'MapPin',Remove unused import 'MapPin' if not needed,False,
src\app\admin\leasing-crm\page.tsx,15,code_quality,low,Potentially unused import: 'type Lead',Remove unused import 'type Lead' if not needed,False,
src\app\admin\leasing-crm\page.tsx,15,code_quality,low,Potentially unused import: 'type LeadFilters',Remove unused import 'type LeadFilters' if not needed,False,
src\app\admin\listings\syndication\page.tsx,159,react_antipattern,medium,JSX element inside .map() may be missing key prop,Add key={uniqueId} prop to the element,False,
src\app\admin\listings\syndication\page.tsx,242,react_antipattern,medium,JSX element inside .map() may be missing key prop,Add key={uniqueId} prop to the element,False,
src\app\admin\listings\syndication\page.tsx,552,react_antipattern,medium,JSX element inside .map() may be missing key prop,Add key={uniqueId} prop to the element,False,
src\app\admin\listings\syndication\page.tsx,573,react_antipattern,medium,JSX element inside .map() may be missing key prop,Add key={uniqueId} prop to the element,False,
src\app\admin\listings\syndication\page.tsx,595,react_antipattern,medium,JSX element inside .map() may be missing key prop,Add key={uniqueId} prop to the element,False,
src\app\admin\listings\syndication\page.tsx,6,code_quality,low,Potentially unused import: 'DollarSign',Remove unused import 'DollarSign' if not needed,False,
src\app\admin\listings\syndication\page.tsx,6,code_quality,low,Potentially unused import: 'CheckCircle2',Remove unused import 'CheckCircle2' if not needed,False,
src\app\admin\listings\syndication\page.tsx,13,code_quality,low,Potentially unused import: 'type UnitListing',Remove unused import 'type UnitListing' if not needed,False,
src\app\admin\listings\syndication\page.tsx,13,code_quality,low,Potentially unused import: 'type CreateListingPayload',Remove unused import 'type CreateListingPayload' if not needed,False,
src\app\admin\listings\syndication\page.tsx,13,code_quality,low,Potentially unused import: 'type PetPolicy',Remove unused import 'type PetPolicy' if not needed,False,
src\app\admin\listings\syndication\page.tsx,13,code_quality,low,Potentially unused import: 'type ListingStatus',Remove unused import 'type ListingStatus' if not needed,False,
src\app\admin\maintenance\page.tsx,0,syntax_error,high,Unbalanced '{}': 121 opening vs 123 closing,Check for missing or extra { or },False,
src\app\admin\maintenance\page.tsx,0,syntax_error,high,Unbalanced '()': 152 opening vs 153 closing,Check for missing or extra ( or ),False,
src\app\admin\maintenance\page.tsx,352,react_antipattern,medium,JSX element inside .map() may be missing key prop,Add key={uniqueId} prop to the element,False,
src\app\admin\maintenance\page.tsx,6,code_quality,low,Potentially unused import: 'Save',Remove unused import 'Save' if not needed,False,
src\app\admin\maintenance\page.tsx,6,code_quality,low,Potentially unused import: 'Home',Remove unused import 'Home' if not needed,False,
src\app\admin\maintenance\page.tsx,21,code_quality,low,Potentially unused import: 'type VendorBid',Remove unused import 'type VendorBid' if not needed,False,
src\app\admin\maintenance\page.tsx,21,code_quality,low,Potentially unused import: 'type VendorInvoice',Remove unused import 'type VendorInvoice' if not needed,False,
src\app\admin\maintenance\turns\page.tsx,172,react_antipattern,medium,JSX element inside .map() may be missing key prop,Add key={uniqueId} prop to the element,False,
src\app\admin\maintenance\turns\page.tsx,318,react_antipattern,medium,JSX element inside .map() may be missing key prop,Add key={uniqueId} prop to the element,False,
src\app\admin\maintenance\turns\page.tsx,416,react_antipattern,medium,JSX element inside .map() may be missing key prop,Add key={uniqueId} prop to the element,False,
src\app\admin\maintenance\turns\page.tsx,4,code_quality,low,Potentially unused import: 'AlertCircle',Remove unused import 'AlertCircle' if not needed,False,
src\app\admin\maintenance\turns\page.tsx,4,code_quality,low,Potentially unused import: 'BarChart3',Remove unused import 'BarChart3' if not needed,False,
src\app\admin\maintenance\turns\page.tsx,4,code_quality,low,Potentially unused import: 'ArrowRight',Remove unused import 'ArrowRight' if not needed,False,
src\app\admin\maintenance\turns\page.tsx,4,code_quality,low,Potentially unused import: 'Hammer',Remove unused import 'Hammer' if not needed,False,
src\app\admin\maintenance\turns\page.tsx,10,code_quality,low,Potentially unused import: 'toast',Remove unused import 'toast' if not needed,False,
src\app\admin\maintenance\turns\page.tsx,13,code_quality,low,Potentially unused import: 'useTurnTemplates',Remove unused import 'useTurnTemplates' if not needed,False,
src\app\admin\maintenance\turns\page.tsx,13,code_quality,low,Potentially unused import: 'TASK_STATUS_OPTIONS',Remove unused import 'TASK_STATUS_OPTIONS' if not needed,False,
src\app\admin\maintenance\turns\page.tsx,13,code_quality,low,Potentially unused import: 'type UnitTurn',Remove unused import 'type UnitTurn' if not needed,False,
src\app\admin\maintenance\turns\page.tsx,13,code_quality,low,Potentially unused import: 'type TurnTask',Remove unused import 'type TurnTask' if not needed,False,
src\app\admin\maintenance\turns\page.tsx,13,code_quality,low,Potentially unused import: 'type TurnFilters',Remove unused import 'type TurnFilters' if not needed,False,
src\app\admin\messages\page.tsx,200,react_antipattern,medium,JSX element inside .map() may be missing key prop,Add key={uniqueId} prop to the element,False,
src\app\admin\messages\page.tsx,248,react_antipattern,medium,JSX element inside .map() may be missing key prop,Add key={uniqueId} prop to the element,False,
src\app\admin\messages\page.tsx,281,react_antipattern,medium,JSX element inside .map() may be missing key prop,Add key={uniqueId} prop to the element,False,
src\app\admin\messages\page.tsx,350,react_antipattern,medium,JSX element inside .map() may be missing key prop,Add key={uniqueId} prop to the element,False,
src\app\admin\messages\page.tsx,3,code_quality,low,Potentially unused import: 'useCallback',Remove unused import 'useCallback' if not needed,False,
src\app\admin\messages\page.tsx,4,code_quality,low,Potentially unused import: 'Megaphone',Remove unused import 'Megaphone' if not needed,False,
src\app\admin\messages\page.tsx,4,code_quality,low,Potentially unused import: 'Clock',Remove unused import 'Clock' if not needed,False,
src\app\admin\messages\page.tsx,4,code_quality,low,Potentially unused import: 'Filter',Remove unused import 'Filter' if not needed,False,
src\app\admin\messages\page.tsx,4,code_quality,low,Potentially unused import: 'Phone',Remove unused import 'Phone' if not needed,False,
src\app\admin\messages\page.tsx,11,code_quality,low,Potentially unused import: 'type Conversation',Remove unused import 'type Conversation' if not needed,False,
src\app\admin\messages\page.tsx,11,code_quality,low,Potentially unused import: 'type ConversationFilters',Remove unused import 'type ConversationFilters' if not needed,False,
src\app\admin\messages\page.tsx,11,code_quality,low,Potentially unused import: 'type ConversationType',Remove unused import 'type ConversationType' if not needed,False,
src\app\admin\notifications\page.tsx,64,react_antipattern,medium,JSX element inside .map() may be missing key prop,Add key={uniqueId} prop to the element,False,
src\app\admin\notifications\page.tsx,6,code_quality,low,Potentially unused import: 'Users',Remove unused import 'Users' if not needed,False,
src\app\admin\notifications\page.tsx,6,code_quality,low,Potentially unused import: 'MessageSquare',Remove unused import 'MessageSquare' if not needed,False,
src\app\admin\notifications\page.tsx,6,code_quality,low,Potentially unused import: 'CheckCircle2',Remove unused import 'CheckCircle2' if not needed,False,
src\app\admin\onboarding\page.tsx,6,code_quality,low,Potentially unused import: 'CheckCircle2',Remove unused import 'CheckCircle2' if not needed,False,
src\app\admin\onboarding\page.tsx,6,code_quality,low,Potentially unused import: 'Search',Remove unused import 'Search' if not needed,False,
src\app\admin\owners\page.tsx,117,react_antipattern,medium,JSX element inside .map() may be missing key prop,Add key={uniqueId} prop to the element,False,
src\app\admin\owners\page.tsx,8,code_quality,low,Potentially unused import: 'type Owner',Remove unused import 'type Owner' if not needed,False,
src\app\admin\payroll\page.tsx,5,code_quality,low,Potentially unused import: 'supabase',Remove unused import 'supabase' if not needed,False,
src\app\admin\payroll\page.tsx,6,code_quality,low,Potentially unused import: 'ArrowRight',Remove unused import 'ArrowRight' if not needed,False,
src\app\admin\payroll\page.tsx,6,code_quality,low,Potentially unused import: 'CheckCircle2',Remove unused import 'CheckCircle2' if not needed,False,
src\app\admin\portfolio-map\page.tsx,0,syntax_error,high,Unbalanced '{}': 4 opening vs 5 closing,Check for missing or extra { or },False,
src\app\admin\portfolio-map\page.tsx,103,security,medium,Direct innerHTML assignment — XSS risk; use textContent or sanitize: innerHTML =,Review and remediate the security issue,False,
src\app\admin\portfolio-map\page.tsx,104,react_antipattern,medium,JSX element inside .map() may be missing key prop,Add key={uniqueId} prop to the element,False,
src\app\admin\portfolio-map\page.tsx,7,code_quality,low,Potentially unused import: 'ArrowLeft',Remove unused import 'ArrowLeft' if not needed,False,
src\app\admin\portfolio-map\page.tsx,7,code_quality,low,Potentially unused import: 'TrendingUp',Remove unused import 'TrendingUp' if not needed,False,
src\app\admin\properties\[id]\page.tsx,6,code_quality,low,Potentially unused import: 'TrendingUp',Remove unused import 'TrendingUp' if not needed,False,
src\app\admin\properties\page.tsx,22,react_antipattern,medium,JSX element inside .map() may be missing key prop,Add key={uniqueId} prop to the element,False,
src\app\admin\properties\page.tsx,77,react_antipattern,medium,JSX element inside .map() may be missing key prop,Add key={uniqueId} prop to the element,False,
src\app\admin\properties\page.tsx,6,code_quality,low,Potentially unused import: 'TrendingUp',Remove unused import 'TrendingUp' if not needed,False,
src\app\admin\reports\page.tsx,145,react_antipattern,medium,JSX element inside .map() may be missing key prop,Add key={uniqueId} prop to the element,False,
src\app\admin\reports\page.tsx,11,code_quality,low,Potentially unused import: 'type ReportType',Remove unused import 'type ReportType' if not needed,False,
src\app\admin\reports\page.tsx,11,code_quality,low,Potentially unused import: 'type ReportFilters',Remove unused import 'type ReportFilters' if not needed,False,
src\app\admin\reports\page.tsx,11,code_quality,low,Potentially unused import: 'type RentRollRow',Remove unused import 'type RentRollRow' if not needed,False,
src\app\admin\reports\page.tsx,11,code_quality,low,Potentially unused import: 'type ProfitLossRow',Remove unused import 'type ProfitLossRow' if not needed,False,
src\app\admin\reports\page.tsx,11,code_quality,low,Potentially unused import: 'type VacancyRow',Remove unused import 'type VacancyRow' if not needed,False,
src\app\admin\reports\page.tsx,11,code_quality,low,Potentially unused import: 'type MaintenanceCostRow',Remove unused import 'type MaintenanceCostRow' if not needed,False,
src\app\admin\reports\page.tsx,11,code_quality,low,Potentially unused import: 'type ARAgingRow',Remove unused import 'type ARAgingRow' if not needed,False,
src\app\admin\reports\page.tsx,11,code_quality,low,Potentially unused import: 'type OwnerStatementRow',Remove unused import 'type OwnerStatementRow' if not needed,False,
src\app\admin\reports\schedules\page.tsx,168,react_antipattern,medium,JSX element inside .map() may be missing key prop,Add key={uniqueId} prop to the element,False,
src\app\admin\reports\schedules\page.tsx,5,code_quality,low,Potentially unused import: 'Play',Remove unused import 'Play' if not needed,False,
src\app\admin\reports\schedules\page.tsx,5,code_quality,low,Potentially unused import: 'Trash2',Remove unused import 'Trash2' if not needed,False,
src\app\admin\reports\schedules\page.tsx,11,code_quality,low,Potentially unused import: 'type ReportType',Remove unused import 'type ReportType' if not needed,False,
src\app\admin\reports\schedules\page.tsx,12,code_quality,low,Potentially unused import: 'type ReportSchedule',Remove unused import 'type ReportSchedule' if not needed,False,
src\app\admin\reports\schedules\page.tsx,12,code_quality,low,Potentially unused import: 'type CreateSchedulePayload',Remove unused import 'type CreateSchedulePayload' if not needed,False,
src\app\admin\reports\schedules\page.tsx,12,code_quality,low,Potentially unused import: 'type ScheduleRecipient',Remove unused import 'type ScheduleRecipient' if not needed,False,
src\app\admin\reports\schedules\page.tsx,12,code_quality,low,Potentially unused import: 'type ScheduleFrequency',Remove unused import 'type ScheduleFrequency' if not needed,False,
src\app\admin\reports\schedules\page.tsx,12,code_quality,low,Potentially unused import: 'type DateRangeType',Remove unused import 'type DateRangeType' if not needed,False,
src\app\admin\settings\assignments\page.tsx,5,code_quality,low,Potentially unused import: 'Search',Remove unused import 'Search' if not needed,False,
src\app\admin\settings\assignments\page.tsx,5,code_quality,low,Potentially unused import: 'MapPin',Remove unused import 'MapPin' if not needed,False,
src\app\admin\settings\page.tsx,6,code_quality,low,Potentially unused import: 'CheckCircle2',Remove unused import 'CheckCircle2' if not needed,False,
src\app\admin\settings\policies\page.tsx,253,react_antipattern,medium,JSX element inside .map() may be missing key prop,Add key={uniqueId} prop to the element,False,
src\app\admin\settings\policies\page.tsx,6,code_quality,low,Potentially unused import: 'ChevronDown',Remove unused import 'ChevronDown' if not needed,False,
src\app\admin\settings\policies\page.tsx,11,code_quality,low,Potentially unused import: 'type PolicyCategory',Remove unused import 'type PolicyCategory' if not needed,False,
src\app\admin\settings\policies\page.tsx,11,code_quality,low,Potentially unused import: 'type PropertyPolicy',Remove unused import 'type PropertyPolicy' if not needed,False,
src\app\admin\settings\users\page.tsx,122,react_antipattern,medium,JSX element inside .map() may be missing key prop,Add key={uniqueId} prop to the element,False,
src\app\admin\settings\users\page.tsx,344,react_antipattern,medium,JSX element inside .map() may be missing key prop,Add key={uniqueId} prop to the element,False,
src\app\admin\settings\users\page.tsx,460,react_antipattern,medium,JSX element inside .map() may be missing key prop,Add key={uniqueId} prop to the element,False,
src\app\admin\settlements\page.tsx,6,code_quality,low,Potentially unused import: 'Receipt',Remove unused import 'Receipt' if not needed,False,
src\app\admin\settlements\page.tsx,6,code_quality,low,Potentially unused import: 'ArrowRight',Remove unused import 'ArrowRight' if not needed,False,
src\app\admin\settlements\page.tsx,6,code_quality,low,Potentially unused import: 'ShieldCheck',Remove unused import 'ShieldCheck' if not needed,False,
src\app\admin\settlements\page.tsx,6,code_quality,low,Potentially unused import: 'AlertCircle',Remove unused import 'AlertCircle' if not needed,False,
src\app\admin\tenants\page.tsx,88,react_antipattern,medium,JSX element inside .map() may be missing key prop,Add key={uniqueId} prop to the element,False,
src\app\admin\tenants\page.tsx,124,react_antipattern,medium,JSX element inside .map() may be missing key prop,Add key={uniqueId} prop to the element,False,
src\app\admin\tenants\page.tsx,7,code_quality,low,Potentially unused import: 'type Tenant',Remove unused import 'type Tenant' if not needed,False,
src\app\admin\vendors\page.tsx,46,react_antipattern,medium,JSX element inside .map() may be missing key prop,Add key={uniqueId} prop to the element,False,
src\app\admin\vendors\page.tsx,123,react_antipattern,medium,JSX element inside .map() may be missing key prop,Add key={uniqueId} prop to the element,False,
src\app\admin\vendors\page.tsx,4,code_quality,low,Potentially unused import: 'MoreHorizontal',Remove unused import 'MoreHorizontal' if not needed,False,
src\app\admin\vendors\page.tsx,4,code_quality,low,Potentially unused import: 'ShieldCheck',Remove unused import 'ShieldCheck' if not needed,False,
src\app\admin\vendors\page.tsx,10,code_quality,low,Potentially unused import: 'type Vendor',Remove unused import 'type Vendor' if not needed,False,
src\app\leases\page.tsx,53,react_antipattern,medium,JSX element inside .map() may be missing key prop,Add key={uniqueId} prop to the element,False,
src\app\listings\page.tsx,0,syntax_error,high,Unbalanced '{}': 23 opening vs 24 closing,Check for missing or extra { or },False,
src\app\listings\page.tsx,0,syntax_error,high,Unbalanced '()': 44 opening vs 45 closing,Check for missing or extra ( or ),False,
src\app\listings\page.tsx,6,code_quality,low,Potentially unused import: 'Home',Remove unused import 'Home' if not needed,False,
src\app\listings\page.tsx,6,code_quality,low,Potentially unused import: 'MapPin',Remove unused import 'MapPin' if not needed,False,
src\app\listings\page.tsx,6,code_quality,low,Potentially unused import: 'MessageCircle',Remove unused import 'MessageCircle' if not needed,False,
src\app\owner-portal\distributions\page.tsx,62,react_antipattern,medium,JSX element inside .map() may be missing key prop,Add key={uniqueId} prop to the element,False,
src\app\owner-portal\documents\page.tsx,5,code_quality,low,Potentially unused import: 'Clock',Remove unused import 'Clock' if not needed,False,
src\app\owner-portal\inspections\page.tsx,153,react_antipattern,medium,JSX element inside .map() may be missing key prop,Add key={uniqueId} prop to the element,False,
src\app\owner-portal\messages\page.tsx,127,react_antipattern,medium,JSX element inside .map() may be missing key prop,Add key={uniqueId} prop to the element,False,
src\app\owner-portal\messages\page.tsx,4,code_quality,low,Potentially unused import: 'Users',Remove unused import 'Users' if not needed,False,
src\app\owner-portal\messages\page.tsx,4,code_quality,low,Potentially unused import: 'Megaphone',Remove unused import 'Megaphone' if not needed,False,
src\app\owner-portal\messages\page.tsx,8,code_quality,low,Potentially unused import: 'type ConversationFilters',Remove unused import 'type ConversationFilters' if not needed,False,
src\app\owner-portal\page.tsx,84,react_antipattern,medium,JSX element inside .map() may be missing key prop,Add key={uniqueId} prop to the element,False,
src\app\owner-portal\properties\page.tsx,69,react_antipattern,medium,JSX element inside .map() may be missing key prop,Add key={uniqueId} prop to the element,False,
src\app\owner-portal\properties\page.tsx,6,code_quality,low,Potentially unused import: 'Users',Remove unused import 'Users' if not needed,False,
src\app\owner-portal\properties\page.tsx,6,code_quality,low,Potentially unused import: 'TrendingUp',Remove unused import 'TrendingUp' if not needed,False,
src\app\owner-portal\statements\page.tsx,60,react_antipattern,medium,JSX element inside .map() may be missing key prop,Add key={uniqueId} prop to the element,False,
src\app\owner-portal\statements\page.tsx,196,react_antipattern,medium,JSX element inside .map() may be missing key prop,Add key={uniqueId} prop to the element,False,
src\app\portal\inspections\page.tsx,153,react_antipattern,medium,JSX element inside .map() may be missing key prop,Add key={uniqueId} prop to the element,False,
src\app\portal\layout.tsx,119,react_antipattern,medium,JSX element inside .map() may be missing key prop,Add key={uniqueId} prop to the element,False,
src\app\portal\maintenance\page.tsx,154,react_antipattern,medium,JSX element inside .map() may be missing key prop,Add key={uniqueId} prop to the element,False,
src\app\portal\maintenance\page.tsx,202,react_antipattern,medium,JSX element inside .map() may be missing key prop,Add key={uniqueId} prop to the element,False,
src\app\portal\maintenance\page.tsx,225,react_antipattern,medium,JSX element inside .map() may be missing key prop,Add key={uniqueId} prop to the element,False,
src\app\portal\messages\page.tsx,127,react_antipattern,medium,JSX element inside .map() may be missing key prop,Add key={uniqueId} prop to the element,False,
src\app\portal\messages\page.tsx,8,code_quality,low,Potentially unused import: 'type ConversationFilters',Remove unused import 'type ConversationFilters' if not needed,False,
src\app\portal\page.tsx,0,syntax_error,high,Unbalanced '{}': 272 opening vs 275 closing,Check for missing or extra { or },False,
src\app\portal\page.tsx,0,syntax_error,high,Unbalanced '()': 336 opening vs 338 closing,Check for missing or extra ( or ),False,
src\app\portal\page.tsx,299,react_antipattern,medium,JSX element inside .map() may be missing key prop,Add key={uniqueId} prop to the element,False,
src\app\portal\page.tsx,1023,react_antipattern,medium,JSX element inside .map() may be missing key prop,Add key={uniqueId} prop to the element,False,
src\app\portal\repairs\page.tsx,178,react_antipattern,medium,JSX element inside .map() may be missing key prop,Add key={uniqueId} prop to the element,False,
src\app\portal\repairs\page.tsx,230,react_antipattern,medium,JSX element inside .map() may be missing key prop,Add key={uniqueId} prop to the element,False,
src\app\portal\repairs\page.tsx,306,react_antipattern,medium,JSX element inside .map() may be missing key prop,Add key={uniqueId} prop to the element,False,
src\app\portal\repairs\page.tsx,6,code_quality,low,Potentially unused import: 'AlertCircle',Remove unused import 'AlertCircle' if not needed,False,
src\app\portal\settings\page.tsx,4,code_quality,low,Potentially unused import: 'HomeIcon',Remove unused import 'HomeIcon' if not needed,False,
src\app\portal\settings\page.tsx,4,code_quality,low,Potentially unused import: 'Calendar',Remove unused import 'Calendar' if not needed,False,
src\app\portal\settings\page.tsx,9,code_quality,low,Potentially unused import: 'type NotificationChannel',Remove unused import 'type NotificationChannel' if not needed,False,
src\app\portal\settings\page.tsx,9,code_quality,low,Potentially unused import: 'type NotificationCategory',Remove unused import 'type NotificationCategory' if not needed,False,
src\app\reports\page.tsx,148,react_antipattern,medium,JSX element inside .map() may be missing key prop,Add key={uniqueId} prop to the element,False,
src\app\reports\page.tsx,203,react_antipattern,medium,JSX element inside .map() may be missing key prop,Add key={uniqueId} prop to the element,False,
src\app\reports\page.tsx,5,code_quality,low,Potentially unused import: 'TrendingUp',Remove unused import 'TrendingUp' if not needed,False,
src\app\reports\page.tsx,5,code_quality,low,Potentially unused import: 'TrendingDown',Remove unused import 'TrendingDown' if not needed,False,
src\app\reports\page.tsx,5,code_quality,low,Potentially unused import: 'Filter',Remove unused import 'Filter' if not needed,False,
src\app\reports\page.tsx,5,code_quality,low,Potentially unused import: 'Calendar',Remove unused import 'Calendar' if not needed,False,
src\app\reports\page.tsx,5,code_quality,low,Potentially unused import: 'ChevronDown',Remove unused import 'ChevronDown' if not needed,False,
src\app\tenants\[id]\page.tsx,8,code_quality,low,Potentially unused import: 'User',Remove unused import 'User' if not needed,False,
src\app\tenants\[id]\page.tsx,8,code_quality,low,Potentially unused import: 'CheckCircle',Remove unused import 'CheckCircle' if not needed,False,
src\app\tenants\[id]\page.tsx,8,code_quality,low,Potentially unused import: 'Clock',Remove unused import 'Clock' if not needed,False,
src\app\tenants\[id]\page.tsx,8,code_quality,low,Potentially unused import: 'AlertCircle',Remove unused import 'AlertCircle' if not needed,False,
src\app\tenants\[id]\page.tsx,8,code_quality,low,Potentially unused import: 'TrendingUp',Remove unused import 'TrendingUp' if not needed,False,
src\app\tenants\[id]\page.tsx,8,code_quality,low,Potentially unused import: 'TrendingDown',Remove unused import 'TrendingDown' if not needed,False,
src\app\tenants\page.tsx,79,react_antipattern,medium,JSX element inside .map() may be missing key prop,Add key={uniqueId} prop to the element,False,
src\app\tenants\page.tsx,5,code_quality,low,Potentially unused import: 'Users',Remove unused import 'Users' if not needed,False,
src\app\tenants\page.tsx,5,code_quality,low,Potentially unused import: 'ArrowRight',Remove unused import 'ArrowRight' if not needed,False,
src\app\tenants\page.tsx,5,code_quality,low,Potentially unused import: 'Home',Remove unused import 'Home' if not needed,False,
src\app\vendor-portal\availability\page.tsx,156,react_antipattern,medium,JSX element inside .map() may be missing key prop,Add key={uniqueId} prop to the element,False,
src\app\vendor-portal\messages\page.tsx,134,react_antipattern,medium,JSX element inside .map() may be missing key prop,Add key={uniqueId} prop to the element,False,
src\app\vendor-portal\messages\page.tsx,9,code_quality,low,Potentially unused import: 'type ConversationFilters',Remove unused import 'type ConversationFilters' if not needed,False,
src\app\vendor-portal\page.tsx,0,syntax_error,high,Unbalanced '{}': 174 opening vs 170 closing,Check for missing or extra { or },False,
src\app\vendor-portal\page.tsx,0,syntax_error,high,Unbalanced '()': 254 opening vs 249 closing,Check for missing or extra ( or ),False,
src\app\vendor-portal\page.tsx,250,react_antipattern,medium,JSX element inside .map() may be missing key prop,Add key={uniqueId} prop to the element,False,
src\app\vendor-portal\page.tsx,7,code_quality,low,Potentially unused import: 'AlertTriangle',Remove unused import 'AlertTriangle' if not needed,False,
src\app\vendor-portal\page.tsx,7,code_quality,low,Potentially unused import: 'ChevronRight',Remove unused import 'ChevronRight' if not needed,False,
src\app\~offline\page.tsx,7,security,medium,Non-HTTPS URL detected: http://,Review and remediate the security issue,False,
src\components\AccessibleModal.tsx,3,code_quality,low,Potentially unused import: 'type ReactNode',Remove unused import 'type ReactNode' if not needed,False,
src\components\AssignVendorModal.tsx,233,react_antipattern,medium,JSX element inside .map() may be missing key prop,Add key={uniqueId} prop to the element,False,
src\components\ComposeMessageModal.tsx,0,syntax_error,high,Unbalanced '{}': 37 opening vs 38 closing,Check for missing or extra { or },False,
src\components\ComposeMessageModal.tsx,0,syntax_error,high,Unbalanced '()': 79 opening vs 80 closing,Check for missing or extra ( or ),False,
src\components\ComposeMessageModal.tsx,211,react_antipattern,medium,JSX element inside .map() may be missing key prop,Add key={uniqueId} prop to the element,False,
src\components\ComposeMessageModal.tsx,258,react_antipattern,medium,JSX element inside .map() may be missing key prop,Add key={uniqueId} prop to the element,False,
src\components\ComposeMessageModal.tsx,7,code_quality,low,Potentially unused import: 'getRoleColor',Remove unused import 'getRoleColor' if not needed,False,
src\components\ComposeMessageModal.tsx,7,code_quality,low,Potentially unused import: 'type RecipientOption',Remove unused import 'type RecipientOption' if not needed,False,
src\components\ComposeMessageModal.tsx,7,code_quality,low,Potentially unused import: 'type ConversationType',Remove unused import 'type ConversationType' if not needed,False,
src\components\ComposeSMSModal.tsx,222,react_antipattern,medium,JSX element inside .map() may be missing key prop,Add key={uniqueId} prop to the element,False,
src\components\ComposeSMSModal.tsx,4,code_quality,low,Potentially unused import: 'CheckCircle2',Remove unused import 'CheckCircle2' if not needed,False,
src\components\ComposeSMSModal.tsx,9,code_quality,low,Potentially unused import: 'type BulkSMSTarget',Remove unused import 'type BulkSMSTarget' if not needed,False,
src\components\EndLeaseModal.tsx,6,code_quality,low,Potentially unused import: 'LogOut',Remove unused import 'LogOut' if not needed,False,
src\components\GenerateStatementModal.tsx,6,code_quality,low,Potentially unused import: 'FileText',Remove unused import 'FileText' if not needed,False,
src\components\GlobalSearchBar.tsx,174,react_antipattern,medium,JSX element inside .map() may be missing key prop,Add key={uniqueId} prop to the element,False,
src\components\IncomeCertificationModal.tsx,161,react_antipattern,medium,JSX element inside .map() may be missing key prop,Add key={uniqueId} prop to the element,False,
src\components\IncomeCertificationModal.tsx,7,code_quality,low,Potentially unused import: 'AMI_PERCENTAGE_OPTIONS',Remove unused import 'AMI_PERCENTAGE_OPTIONS' if not needed,False,
src\components\IncomeCertificationModal.tsx,7,code_quality,low,Potentially unused import: 'type CertificationType',Remove unused import 'type CertificationType' if not needed,False,
src\components\IncomeCertificationModal.tsx,7,code_quality,low,Potentially unused import: 'type StudentStatus',Remove unused import 'type StudentStatus' if not needed,False,
src\components\IncomeCertificationModal.tsx,7,code_quality,low,Potentially unused import: 'type HouseholdMemberInput',Remove unused import 'type HouseholdMemberInput' if not needed,False,
src\components\InsurancePolicyModal.tsx,0,syntax_error,high,Unbalanced '{}': 26 opening vs 27 closing,Check for missing or extra { or },False,
src\components\InsurancePolicyModal.tsx,146,react_antipattern,medium,JSX element inside .map() may be missing key prop,Add key={uniqueId} prop to the element,False,
src\components\InsurancePolicyModal.tsx,8,code_quality,low,Potentially unused import: 'type CreateInsurancePolicyPayload',Remove unused import 'type CreateInsurancePolicyPayload' if not needed,False,
src\components\MaintenanceCalendar.tsx,143,react_antipattern,medium,JSX element inside .map() may be missing key prop,Add key={uniqueId} prop to the element,False,
src\components\MaintenanceCalendar.tsx,152,react_antipattern,medium,JSX element inside .map() may be missing key prop,Add key={uniqueId} prop to the element,False,
src\components\MaintenanceCalendar.tsx,170,react_antipattern,medium,JSX element inside .map() may be missing key prop,Add key={uniqueId} prop to the element,False,
src\components\MaintenanceCalendar.tsx,204,react_antipattern,medium,JSX element inside .map() may be missing key prop,Add key={uniqueId} prop to the element,False,
src\components\MaintenanceCalendar.tsx,10,code_quality,low,Potentially unused import: 'type CalendarWorkOrder',Remove unused import 'type CalendarWorkOrder' if not needed,False,
src\components\MaintenanceTicketModal.tsx,1,react_antipattern,high,File uses client-side hooks but missing 'use client' directive,Add 'use client' at the top of the file,False,
src\components\MaintenanceTicketModal.tsx,97,react_antipattern,medium,JSX element inside .map() may be missing key prop,Add key={uniqueId} prop to the element,False,
src\components\MaintenanceTicketModal.tsx,2,code_quality,low,Potentially unused import: 'CheckCircle',Remove unused import 'CheckCircle' if not needed,False,
src\components\MoveLeaseModal.tsx,6,code_quality,low,Potentially unused import: 'Truck',Remove unused import 'Truck' if not needed,False,
src\components\NewInspectionModal.tsx,176,react_antipattern,medium,JSX element inside .map() may be missing key prop,Add key={uniqueId} prop to the element,False,
src\components\NewInspectionModal.tsx,342,react_antipattern,medium,JSX element inside .map() may be missing key prop,Add key={uniqueId} prop to the element,False,
src\components\NewInspectionModal.tsx,357,react_antipattern,medium,JSX element inside .map() may be missing key prop,Add key={uniqueId} prop to the element,False,
src\components\NewInspectionModal.tsx,12,code_quality,low,Potentially unused import: 'type InspectionType',Remove unused import 'type InspectionType' if not needed,False,
src\components\NewInspectionModal.tsx,12,code_quality,low,Potentially unused import: 'type CreateInspectionPayload',Remove unused import 'type CreateInspectionPayload' if not needed,False,
src\components\NewLeadModal.tsx,11,code_quality,low,Potentially unused import: 'type CreateLeadPayload',Remove unused import 'type CreateLeadPayload' if not needed,False,
src\components\NewLeaseModal.tsx,196,react_antipattern,medium,JSX element inside .map() may be missing key prop,Add key={uniqueId} prop to the element,False,
src\components\NewLeaseModal.tsx,6,code_quality,low,Potentially unused import: 'User',Remove unused import 'User' if not needed,False,
src\components\NewLeaseModal.tsx,6,code_quality,low,Potentially unused import: 'Calendar',Remove unused import 'Calendar' if not needed,False,
src\components\NewLeaseModal.tsx,6,code_quality,low,Potentially unused import: 'Search',Remove unused import 'Search' if not needed,False,
src\components\NewLeaseModal.tsx,6,code_quality,low,Potentially unused import: 'AlertCircle',Remove unused import 'AlertCircle' if not needed,False,
src\components\NewTurnModal.tsx,280,react_antipattern,medium,JSX element inside .map() may be missing key prop,Add key={uniqueId} prop to the element,False,
src\components\NewTurnModal.tsx,4,code_quality,low,Potentially unused import: 'FileText',Remove unused import 'FileText' if not needed,False,
src\components\NewTurnModal.tsx,4,code_quality,low,Potentially unused import: 'DollarSign',Remove unused import 'DollarSign' if not needed,False,
src\components\NewTurnModal.tsx,4,code_quality,low,Potentially unused import: 'ChevronRight',Remove unused import 'ChevronRight' if not needed,False,
src\components\NewTurnModal.tsx,12,code_quality,low,Potentially unused import: 'type TurnTemplate',Remove unused import 'type TurnTemplate' if not needed,False,
src\components\NodeMap.tsx,44,react_antipattern,medium,JSX element inside .map() may be missing key prop,Add key={uniqueId} prop to the element,False,
src\components\NodeMap.tsx,3,code_quality,low,Potentially unused import: 'Home',Remove unused import 'Home' if not needed,False,
src\components\OwnerFormModal.tsx,7,code_quality,low,Potentially unused import: 'type Owner',Remove unused import 'type Owner' if not needed,False,
src\components\PayBillModal.tsx,10,code_quality,low,Potentially unused import: 'type Bill',Remove unused import 'type Bill' if not needed,False,
src\components\PostRentModal.tsx,6,code_quality,low,Potentially unused import: 'DollarSign',Remove unused import 'DollarSign' if not needed,False,
src\components\PropertyAffordabilityModal.tsx,176,react_antipattern,medium,JSX element inside .map() may be missing key prop,Add key={uniqueId} prop to the element,False,
src\components\PropertyAffordabilityModal.tsx,239,react_antipattern,medium,JSX element inside .map() may be missing key prop,Add key={uniqueId} prop to the element,False,
src\components\PropertyAffordabilityModal.tsx,4,code_quality,low,Potentially unused import: 'Building2',Remove unused import 'Building2' if not needed,False,
src\components\PropertyAffordabilityModal.tsx,8,code_quality,low,Potentially unused import: 'type ProgramType',Remove unused import 'type ProgramType' if not needed,False,
src\components\ReconciliationDrawer.tsx,5,code_quality,low,Potentially unused import: 'CheckCircle2',Remove unused import 'CheckCircle2' if not needed,False,
src\components\ReconciliationDrawer.tsx,5,code_quality,low,Potentially unused import: 'ArrowRight',Remove unused import 'ArrowRight' if not needed,False,
src\components\RecurringMaintenancePanel.tsx,413,react_antipattern,medium,JSX element inside .map() may be missing key prop,Add key={uniqueId} prop to the element,False,
src\components\RecurringMaintenancePanel.tsx,8,code_quality,low,Potentially unused import: 'type RecurringFrequency',Remove unused import 'type RecurringFrequency' if not needed,False,
src\components\RecurringMaintenancePanel.tsx,8,code_quality,low,Potentially unused import: 'type RecurringPriority',Remove unused import 'type RecurringPriority' if not needed,False,
src\components\RenewalAcceptModal.tsx,86,react_antipattern,medium,alert() used instead of toast notification,Replace with toast() from sonner,False,
src\components\RenewalAcceptModal.tsx,103,react_antipattern,medium,alert() used instead of toast notification,Replace with toast() from sonner,False,
src\components\RenewalAcceptModal.tsx,138,react_antipattern,medium,alert() used instead of toast notification,Replace with toast() from sonner,False,
src\components\RenewalAcceptModal.tsx,4,code_quality,low,Potentially unused import: 'DollarSign',Remove unused import 'DollarSign' if not needed,False,
src\components\RenewalAcceptModal.tsx,4,code_quality,low,Potentially unused import: 'Calendar',Remove unused import 'Calendar' if not needed,False,
src\components\RenewalAcceptModal.tsx,4,code_quality,low,Potentially unused import: 'ArrowRight',Remove unused import 'ArrowRight' if not needed,False,
src\components\RenewalAcceptModal.tsx,4,code_quality,low,Potentially unused import: 'FileText',Remove unused import 'FileText' if not needed,False,
src\components\ScheduleTourModal.tsx,288,react_antipattern,medium,JSX element inside .map() may be missing key prop,Add key={uniqueId} prop to the element,False,
src\components\ScheduleTourModal.tsx,11,code_quality,low,Potentially unused import: 'type Lead',Remove unused import 'type Lead' if not needed,False,
src\components\ScheduleTourModal.tsx,11,code_quality,low,Potentially unused import: 'type ScheduleTourPayload',Remove unused import 'type ScheduleTourPayload' if not needed,False,
src\components\SendForSigningModal.tsx,4,code_quality,low,Potentially unused import: 'FileText',Remove unused import 'FileText' if not needed,False,
src\components\SMSPanel.tsx,114,react_antipattern,medium,JSX element inside .map() may be missing key prop,Add key={uniqueId} prop to the element,False,
src\components\SMSPanel.tsx,4,code_quality,low,Potentially unused import: 'MessageSquare',Remove unused import 'MessageSquare' if not needed,False,
src\components\SMSPanel.tsx,8,code_quality,low,Potentially unused import: 'type SMSStatus',Remove unused import 'type SMSStatus' if not needed,False,
src\components\TenantAI.tsx,0,syntax_error,high,Unbalanced '{}': 74 opening vs 73 closing,Check for missing or extra { or },False,
src\components\TenantAI.tsx,0,syntax_error,high,Unbalanced '()': 79 opening vs 80 closing,Check for missing or extra ( or ),False,
src\components\TenantAI.tsx,5,code_quality,low,Potentially unused import: 'HelpCircle',Remove unused import 'HelpCircle' if not needed,False,
src\components\TenantAI.tsx,5,code_quality,low,Potentially unused import: 'ChevronRight',Remove unused import 'ChevronRight' if not needed,False,
src\components\TenantBuildModal.tsx,6,code_quality,low,Potentially unused import: 'AlertCircle',Remove unused import 'AlertCircle' if not needed,False,
src\components\TenantBuildModal.tsx,6,code_quality,low,Potentially unused import: 'Calendar',Remove unused import 'Calendar' if not needed,False,
src\components\TenantCheck.tsx,3,code_quality,low,Potentially unused import: 'useState',Remove unused import 'useState' if not needed,False,
src\components\TenantCheck.tsx,4,code_quality,low,Potentially unused import: 'UserPlus',Remove unused import 'UserPlus' if not needed,False,
src\components\TopBar.tsx,4,code_quality,low,Potentially unused import: 'Bell',Remove unused import 'Bell' if not needed,False,
src\components\TurnTemplateModal.tsx,244,react_antipattern,medium,JSX element inside .map() may be missing key prop,Add key={uniqueId} prop to the element,False,
src\components\TurnTemplateModal.tsx,271,react_antipattern,medium,JSX element inside .map() may be missing key prop,Add key={uniqueId} prop to the element,False,
src\components\TurnTemplateModal.tsx,409,react_antipattern,medium,JSX element inside .map() may be missing key prop,Add key={uniqueId} prop to the element,False,
src\components\TurnTemplateModal.tsx,3,code_quality,low,Potentially unused import: 'useCallback',Remove unused import 'useCallback' if not needed,False,
src\components\TurnTemplateModal.tsx,12,code_quality,low,Potentially unused import: 'type TurnTemplate',Remove unused import 'type TurnTemplate' if not needed,False,
src\components\UploadDocumentModal.tsx,220,react_antipattern,medium,JSX element inside .map() may be missing key prop,Add key={uniqueId} prop to the element,False,
src\components\UploadDocumentModal.tsx,401,react_antipattern,medium,JSX element inside .map() may be missing key prop,Add key={uniqueId} prop to the element,False,
src\components\UploadDocumentModal.tsx,500,react_antipattern,medium,JSX element inside .map() may be missing key prop,Add key={uniqueId} prop to the element,False,
src\components\UploadDocumentModal.tsx,12,code_quality,low,Potentially unused import: 'type UploadPayload',Remove unused import 'type UploadPayload' if not needed,False,
src\components\VendorFormModal.tsx,4,code_quality,low,Potentially unused import: 'UserPlus',Remove unused import 'UserPlus' if not needed,False,
src\components\VendorFormModal.tsx,7,code_quality,low,Potentially unused import: 'type Vendor',Remove unused import 'type Vendor' if not needed,False,
src\components\VendorPerformanceBadge.tsx,45,react_antipattern,medium,JSX element inside .map() may be missing key prop,Add key={uniqueId} prop to the element,False,
src\components\VendorReviewModal.tsx,70,react_antipattern,medium,JSX element inside .map() may be missing key prop,Add key={uniqueId} prop to the element,False,
src\hooks\useApplications.ts,4,code_quality,low,Potentially unused import: 'type LeaseDetails',Remove unused import 'type LeaseDetails' if not needed,False,
src\hooks\useMessages.ts,2,code_quality,low,Potentially unused import: 'useCallback',Remove unused import 'useCallback' if not needed,False,
src\hooks\usePayroll.ts,2,code_quality,low,Potentially unused import: 'supabase',Remove unused import 'supabase' if not needed,False,
src\lib\upload-utils.ts,0,syntax_error,high,Unbalanced '[]': 3 opening vs 2 closing,Check for missing or extra [ or ],False,
src\middleware.ts,1,code_quality,low,Potentially unused import: 'type CookieOptions',Remove unused import 'type CookieOptions' if not needed,False,
src\middleware.ts,2,code_quality,low,Potentially unused import: 'type NextRequest',Remove unused import 'type NextRequest' if not needed,False,
src\scripts\geocode-assets.mjs,11,code_quality,low,console.log/debug/info left in production code,Remove or replace with proper logging,False,
src\scripts\geocode-assets.mjs,18,code_quality,low,console.log/debug/info left in production code,Remove or replace with proper logging,False,
src\scripts\geocode-assets.mjs,29,code_quality,low,console.log/debug/info left in production code,Remove or replace with proper logging,False,
src\scripts\geocode-assets.mjs,49,code_quality,low,console.log/debug/info left in production code,Remove or replace with proper logging,False,
src\scripts\geocode-assets.mjs,58,code_quality,low,console.log/debug/info left in production code,Remove or replace with proper logging,False,
supabase\functions\_shared\auth.ts,0,syntax_error,high,Unbalanced '{}': 1 opening vs 3 closing,Check for missing or extra { or },False,
supabase\functions\_shared\auth.ts,0,syntax_error,high,Unbalanced '()': 0 opening vs 1 closing,Check for missing or extra ( or ),False,
supabase\functions\_shared\context-builder.ts,189,code_quality,low,console.log/debug/info left in production code,Remove or replace with proper logging,False,
supabase\functions\_shared\context-builder.ts,191,code_quality,low,console.log/debug/info left in production code,Remove or replace with proper logging,False,
supabase\functions\_shared\context-builder.ts,204,code_quality,low,console.log/debug/info left in production code,Remove or replace with proper logging,False,
supabase\functions\_shared\embeddings.ts,0,syntax_error,high,Unbalanced '{}': 3 opening vs 7 closing,Check for missing or extra { or },False,
supabase\functions\_shared\embeddings.ts,0,syntax_error,high,Unbalanced '()': 15 opening vs 16 closing,Check for missing or extra ( or ),False,
supabase\functions\_shared\gemini.ts,0,syntax_error,high,Unbalanced '{}': 0 opening vs 2 closing,Check for missing or extra { or },False,
supabase\functions\_shared\gemini.ts,0,syntax_error,high,Unbalanced '()': 5 opening vs 6 closing,Check for missing or extra ( or ),False,
supabase\functions\_shared\lease-pdf.ts,0,syntax_error,high,Unbalanced '{}': 2 opening vs 4 closing,Check for missing or extra { or },False,
supabase\functions\_shared\lease-pdf.ts,0,syntax_error,high,Unbalanced '()': 1 opening vs 3 closing,Check for missing or extra ( or ),False,
supabase\functions\analyze-lease\index.ts,0,syntax_error,high,Unbalanced '{}': 2 opening vs 6 closing,Check for missing or extra { or },False,
supabase\functions\analyze-lease\index.ts,0,syntax_error,high,Unbalanced '()': 0 opening vs 2 closing,Check for missing or extra ( or ),False,
supabase\functions\apply-late-fees\index.ts,0,syntax_error,high,Unbalanced '{}': 1 opening vs 5 closing,Check for missing or extra { or },False,
supabase\functions\apply-late-fees\index.ts,0,syntax_error,high,Unbalanced '()': 0 opening vs 2 closing,Check for missing or extra ( or ),False,
supabase\functions\generate-lease\index.ts,4,code_quality,low,Potentially unused import: 'type LeaseData',Remove unused import 'type LeaseData' if not needed,False,
supabase\functions\generate-report\index.ts,0,syntax_error,high,Unbalanced '{}': 2 opening vs 6 closing,Check for missing or extra { or },False,
supabase\functions\generate-report\index.ts,0,syntax_error,high,Unbalanced '()': 0 opening vs 2 closing,Check for missing or extra ( or ),False,
supabase\functions\generate-report\index.ts,429,code_quality,low,console.log/debug/info left in production code,Remove or replace with proper logging,False,
supabase\functions\generate-report\index.ts,437,code_quality,low,console.log/debug/info left in production code,Remove or replace with proper logging,False,
supabase\functions\generate-report\index.ts,458,code_quality,low,console.log/debug/info left in production code,Remove or replace with proper logging,False,
supabase\functions\generate-report\index.ts,460,code_quality,low,console.log/debug/info left in production code,Remove or replace with proper logging,False,
supabase\functions\generate-report\index.ts,468,code_quality,low,console.log/debug/info left in production code,Remove or replace with proper logging,False,
supabase\functions\generate-report\index.ts,0,code_quality,low,File has 9 console.log/debug/info statements total,Consider removing all debug logging,False,
supabase\functions\generate-statement\index.ts,0,syntax_error,high,Unbalanced '{}': 2 opening vs 6 closing,Check for missing or extra { or },False,
supabase\functions\generate-statement\index.ts,0,syntax_error,high,Unbalanced '()': 0 opening vs 2 closing,Check for missing or extra ( or ),False,
supabase\functions\ingest-lease-document\index.ts,0,syntax_error,high,Unbalanced '{}': 2 opening vs 6 closing,Check for missing or extra { or },False,
supabase\functions\ingest-lease-document\index.ts,0,syntax_error,high,Unbalanced '()': 0 opening vs 2 closing,Check for missing or extra ( or ),False,
supabase\functions\listing-feed\index.ts,0,syntax_error,high,Unbalanced '{}': 3 opening vs 6 closing,Check for missing or extra { or },False,
supabase\functions\listing-feed\index.ts,0,syntax_error,high,Unbalanced '()': 5 opening vs 6 closing,Check for missing or extra ( or ),False,
supabase\functions\listing-feed\index.ts,80,security,medium,Non-HTTPS URL detected: http://,Review and remediate the security issue,False,
supabase\functions\run-billing\index.ts,0,syntax_error,high,Unbalanced '{}': 1 opening vs 5 closing,Check for missing or extra { or },False,
supabase\functions\run-billing\index.ts,0,syntax_error,high,Unbalanced '()': 0 opening vs 2 closing,Check for missing or extra ( or ),False,
supabase\functions\send-sms\index.ts,0,syntax_error,high,Unbalanced '{}': 2 opening vs 4 closing,Check for missing or extra { or },False,
supabase\functions\send-sms\index.ts,0,syntax_error,high,Unbalanced '()': 1 opening vs 2 closing,Check for missing or extra ( or ),False,
supabase\functions\sign-lease\index.ts,16,code_quality,low,Potentially unused import: 'formatDate',Remove unused import 'formatDate' if not needed,False,
supabase\functions\sign-lease\index.ts,16,code_quality,low,Potentially unused import: 'type LeaseData',Remove unused import 'type LeaseData' if not needed,False,
supabase\functions\sign-lease\index.ts,16,code_quality,low,Potentially unused import: 'type SignatureData',Remove unused import 'type SignatureData' if not needed,False,
supabase\functions\tenant-assistant\index.ts,0,syntax_error,high,Unbalanced '{}': 35 opening vs 34 closing,Check for missing or extra { or },False,
supabase\functions\tenant-assistant\index.ts,0,syntax_error,high,Unbalanced '()': 71 opening vs 68 closing,Check for missing or extra ( or ),False,
supabase\functions\tenant-assistant\index.ts,353,code_quality,low,console.log/debug/info left in production code,Remove or replace with proper logging,False,
supabase\functions\tenant-assistant\index.ts,359,code_quality,low,console.log/debug/info left in production code,Remove or replace with proper logging,False,
supabase\functions\tenant-assistant\index.ts,361,code_quality,low,console.log/debug/info left in production code,Remove or replace with proper logging,False,
supabase\functions\tenant-assistant\index.ts,363,code_quality,low,console.log/debug/info left in production code,Remove or replace with proper logging,False,
supabase\functions\tenant-assistant\index.ts,391,code_quality,low,console.log/debug/info left in production code,Remove or replace with proper logging,False,
supabase\functions\tenant-assistant\index.ts,0,code_quality,low,File has 6 console.log/debug/info statements total,Consider removing all debug logging,False,
supabase\functions\tenant-assistant\index.ts,4,code_quality,low,Potentially unused import: 'type Intent',Remove unused import 'type Intent' if not needed,False,
supabase\functions\tenant-assistant\index.ts,4,code_quality,low,Potentially unused import: 'type IntentResult',Remove unused import 'type IntentResult' if not needed,False,
test-assistant.mjs,0,syntax_error,high,Unbalanced '()': 0 opening vs 2 closing,Check for missing or extra ( or ),False,
test-assistant.mjs,22,code_quality,low,console.log/debug/info left in production code,Remove or replace with proper logging,False,
test-assistant.mjs,23,code_quality,low,console.log/debug/info left in production code,Remove or replace with proper logging,False,
test-assistant.mjs,53,code_quality,low,console.log/debug/info left in production code,Remove or replace with proper logging,False,
test-assistant.mjs,82,code_quality,low,console.log/debug/info left in production code,Remove or replace with proper logging,False,
test-assistant.mjs,83,code_quality,low,console.log/debug/info left in production code,Remove or replace with proper logging,False,
test-assistant.mjs,0,code_quality,low,File has 20 console.log/debug/info statements total,Consider removing all debug logging,False,
next-env.d.ts,3,broken_import,high,Import may not resolve: './.next/dev/types/routes.d.ts',Verify the import path and file exists,False,
src/app/owner-portal/page.tsx,0,orphan_page,low,Page route '/owner-portal' is not linked from any other page,Add navigation link to this page or remove if unused,False,
src/app/owner-portal/properties/page.tsx,0,orphan_page,low,Page route '/owner-portal/properties' is not linked from any other page,Add navigation link to this page or remove if unused,False,
src/app/~offline/page.tsx,0,orphan_page,low,Page route '/~offline' is not linked from any other page,Add navigation link to this page or remove if unused,False,
src/app/listings/page.tsx,0,orphan_page,low,Page route '/listings' is not linked from any other page,Add navigation link to this page or remove if unused,False,
src/app/owner-portal/messages/page.tsx,0,orphan_page,low,Page route '/owner-portal/messages' is not linked from any other page,Add navigation link to this page or remove if unused,False,
src/app/owner-portal/statements/page.tsx,0,orphan_page,low,Page route '/owner-portal/statements' is not linked from any other page,Add navigation link to this page or remove if unused,False,
src/app/leases/page.tsx,0,orphan_page,low,Page route '/leases' is not linked from any other page,Add navigation link to this page or remove if unused,False,
src/app/reports/page.tsx,0,orphan_page,low,Page route '/reports' is not linked from any other page,Add navigation link to this page or remove if unused,False,
src/app/tenants/page.tsx,0,orphan_page,low,Page route '/tenants' is not linked from any other page,Add navigation link to this page or remove if unused,False,
src/app/tenants/[id]/page.tsx,0,orphan_page,low,Page route '/tenants/[id]' is not linked from any other page,Add navigation link to this page or remove if unused,False,
src/app/owner-portal/inspections/page.tsx,0,orphan_page,low,Page route '/owner-portal/inspections' is not linked from any other page,Add navigation link to this page or remove if unused,False,
src/app/owner-portal/distributions/page.tsx,0,orphan_page,low,Page route '/owner-portal/distributions' is not linked from any other page,Add navigation link to this page or remove if unused,False,
src/app/owner-portal/documents/page.tsx,0,orphan_page,low,Page route '/owner-portal/documents' is not linked from any other page,Add navigation link to this page or remove if unused,False,
(cross-page),0,broken_link,medium,Internal link target '/onboarding' has no matching page.tsx,Fix the link target or create the missing page,False,
supabase\functions\apply-late-fees\index.ts,117,security,high,Potential SQL injection: template literal in query,Use parameterized queries or RPC functions,False,
supabase\functions\listing-feed\index.ts,5,security,high,CORS set to allow all origins (*),Restrict to specific allowed origins,False,
supabase\functions\run-billing\index.ts,237,security,high,Potential SQL injection: template literal in query,Use parameterized queries or RPC functions,False,
page.tsx,65,accessibility,low,<button> missing explicit type attribute,"Add type=""button"" (or ""submit"" for form buttons)",False,
page.tsx,80,accessibility,low,<button> missing explicit type attribute,"Add type=""button"" (or ""submit"" for form buttons)",False,
page.tsx,81,accessibility,low,<button> missing explicit type attribute,"Add type=""button"" (or ""submit"" for form buttons)",False,
page.tsx,133,accessibility,low,<button> missing explicit type attribute,"Add type=""button"" (or ""submit"" for form buttons)",False,
page.tsx,97,accessibility,low,Heading level skips from h1 to h3,Use h2 instead of h3,False,
src\app\(public)\apply\page.tsx,132,accessibility,low,<button> missing explicit type attribute,"Add type=""button"" (or ""submit"" for form buttons)",False,
src\app\(public)\apply\page.tsx,152,accessibility,low,Heading level skips from h1 to h3,Use h2 instead of h3,False,
src\app\admin\analytics\scorecard\page.tsx,136,accessibility,low,Heading level skips from h1 to h3,Use h2 instead of h3,False,
src\app\admin\analytics\vacancy\page.tsx,125,accessibility,low,<button> missing explicit type attribute,"Add type=""button"" (or ""submit"" for form buttons)",False,
src\app\admin\applications\page.tsx,110,accessibility,low,Heading level skips from h1 to h3,Use h2 instead of h3,False,
src\app\admin\approvals\page.tsx,143,accessibility,low,<button> missing explicit type attribute,"Add type=""button"" (or ""submit"" for form buttons)",False,
src\app\admin\approvals\page.tsx,87,accessibility,low,Heading level skips from h1 to h3,Use h2 instead of h3,False,
src\app\admin\audit\lease-intelligence\page.tsx,181,accessibility,low,<button> missing explicit type attribute,"Add type=""button"" (or ""submit"" for form buttons)",False,
src\app\admin\audit\lease-intelligence\page.tsx,140,accessibility,low,Heading level skips from h1 to h3,Use h2 instead of h3,False,
src\app\admin\audit\page.tsx,134,accessibility,low,<button> missing explicit type attribute,"Add type=""button"" (or ""submit"" for form buttons)",False,
src\app\admin\audit\page.tsx,104,accessibility,low,Heading level skips from h1 to h3,Use h2 instead of h3,False,
src\app\admin\compliance\evictions\page.tsx,468,accessibility,medium,<div> with onClick but no ARIA role,"Add role=""button"" and onKeyDown handler, or use <button>",False,
src\app\admin\compliance\page.tsx,230,accessibility,low,Heading level skips from h1 to h3,Use h2 instead of h3,False,
src\app\admin\finance\budgets\page.tsx,511,accessibility,low,<button> missing explicit type attribute,"Add type=""button"" (or ""submit"" for form buttons)",False,
src\app\admin\finance\budgets\page.tsx,516,accessibility,low,<button> missing explicit type attribute,"Add type=""button"" (or ""submit"" for form buttons)",False,
src\app\admin\finance\budgets\page.tsx,587,accessibility,low,<button> missing explicit type attribute,"Add type=""button"" (or ""submit"" for form buttons)",False,
src\app\admin\finance\budgets\page.tsx,590,accessibility,low,<button> missing explicit type attribute,"Add type=""button"" (or ""submit"" for form buttons)",False,
src\app\admin\finance\budgets\page.tsx,969,accessibility,low,<button> missing explicit type attribute,"Add type=""button"" (or ""submit"" for form buttons)",False,
src\app\admin\finance\budgets\page.tsx,1115,accessibility,low,<button> missing explicit type attribute,"Add type=""button"" (or ""submit"" for form buttons)",False,
src\app\admin\finance\budgets\page.tsx,305,accessibility,low,Heading level skips from h1 to h3,Use h2 instead of h3,False,
src\app\admin\finance\page.tsx,156,accessibility,low,<button> missing explicit type attribute,"Add type=""button"" (or ""submit"" for form buttons)",False,
src\app\admin\finance\page.tsx,155,accessibility,low,Heading level skips from h1 to h3,Use h2 instead of h3,False,
src\app\admin\finance\payroll\page.tsx,71,accessibility,low,Heading level skips from h1 to h3,Use h2 instead of h3,False,
src\app\admin\finance\reconcile\page.tsx,78,accessibility,low,Heading level skips from h1 to h3,Use h2 instead of h3,False,
src\app\admin\finance\tax-forms\page.tsx,453,accessibility,low,<button> missing explicit type attribute,"Add type=""button"" (or ""submit"" for form buttons)",False,
src\app\admin\finance\tax-forms\page.tsx,522,accessibility,low,<button> missing explicit type attribute,"Add type=""button"" (or ""submit"" for form buttons)",False,
src\app\admin\finance\tax-forms\page.tsx,527,accessibility,low,<button> missing explicit type attribute,"Add type=""button"" (or ""submit"" for form buttons)",False,
src\app\admin\finance\tax-forms\page.tsx,531,accessibility,low,<button> missing explicit type attribute,"Add type=""button"" (or ""submit"" for form buttons)",False,
src\app\admin\finance\tax-forms\page.tsx,589,accessibility,low,<button> missing explicit type attribute,"Add type=""button"" (or ""submit"" for form buttons)",False,
src\app\admin\finance\tax-forms\page.tsx,594,accessibility,low,<button> missing explicit type attribute,"Add type=""button"" (or ""submit"" for form buttons)",False,
src\app\admin\finance\tax-forms\page.tsx,598,accessibility,low,<button> missing explicit type attribute,"Add type=""button"" (or ""submit"" for form buttons)",False,
src\app\admin\inspections\page.tsx,615,accessibility,low,<button> missing explicit type attribute,"Add type=""button"" (or ""submit"" for form buttons)",False,
src\app\admin\inspections\page.tsx,618,accessibility,low,<button> missing explicit type attribute,"Add type=""button"" (or ""submit"" for form buttons)",False,
src\app\admin\leases\templates\page.tsx,545,accessibility,low,Heading level skips from h1 to h3,Use h2 instead of h3,False,
src\app\admin\leasing-crm\page.tsx,335,accessibility,low,Heading level skips from h1 to h3,Use h2 instead of h3,False,
src\app\admin\listings\syndication\page.tsx,273,accessibility,low,<button> missing explicit type attribute,"Add type=""button"" (or ""submit"" for form buttons)",False,
src\app\admin\listings\syndication\page.tsx,278,accessibility,low,<button> missing explicit type attribute,"Add type=""button"" (or ""submit"" for form buttons)",False,
src\app\admin\listings\syndication\page.tsx,282,accessibility,low,<button> missing explicit type attribute,"Add type=""button"" (or ""submit"" for form buttons)",False,
src\app\admin\listings\syndication\page.tsx,287,accessibility,low,<button> missing explicit type attribute,"Add type=""button"" (or ""submit"" for form buttons)",False,
src\app\admin\listings\syndication\page.tsx,292,accessibility,low,<button> missing explicit type attribute,"Add type=""button"" (or ""submit"" for form buttons)",False,
src\app\admin\listings\syndication\page.tsx,296,accessibility,low,<button> missing explicit type attribute,"Add type=""button"" (or ""submit"" for form buttons)",False,
src\app\admin\listings\syndication\page.tsx,300,accessibility,low,<button> missing explicit type attribute,"Add type=""button"" (or ""submit"" for form buttons)",False,
src\app\admin\listings\syndication\page.tsx,744,accessibility,low,<button> missing explicit type attribute,"Add type=""button"" (or ""submit"" for form buttons)",False,
src\app\admin\listings\syndication\page.tsx,267,accessibility,low,Heading level skips from h1 to h3,Use h2 instead of h3,False,
src\app\admin\maintenance\turns\page.tsx,324,accessibility,low,Heading level skips from h1 to h3,Use h2 instead of h3,False,
src\app\admin\notifications\page.tsx,95,accessibility,low,Heading level skips from h1 to h3,Use h2 instead of h3,False,
src\app\admin\onboarding\page.tsx,78,accessibility,low,<button> missing explicit type attribute,"Add type=""button"" (or ""submit"" for form buttons)",False,
src\app\admin\onboarding\page.tsx,79,accessibility,low,<button> missing explicit type attribute,"Add type=""button"" (or ""submit"" for form buttons)",False,
src\app\admin\onboarding\page.tsx,73,accessibility,low,Heading level skips from h1 to h4,Use h2 instead of h4,False,
src\app\admin\owners\page.tsx,122,accessibility,low,Heading level skips from h1 to h3,Use h2 instead of h3,False,
src\app\admin\page.tsx,98,accessibility,low,<button> missing explicit type attribute,"Add type=""button"" (or ""submit"" for form buttons)",False,
src\app\admin\page.tsx,103,accessibility,low,<button> missing explicit type attribute,"Add type=""button"" (or ""submit"" for form buttons)",False,
src\app\admin\page.tsx,90,accessibility,low,Heading level skips from h1 to h3,Use h2 instead of h3,False,
src\app\admin\payroll\page.tsx,35,accessibility,low,<button> missing explicit type attribute,"Add type=""button"" (or ""submit"" for form buttons)",False,
src\app\admin\payroll\page.tsx,119,accessibility,low,<button> missing explicit type attribute,"Add type=""button"" (or ""submit"" for form buttons)",False,
src\app\admin\payroll\page.tsx,80,accessibility,low,Heading level skips from h1 to h3,Use h2 instead of h3,False,
src\app\admin\properties\[id]\page.tsx,89,accessibility,low,<button> missing explicit type attribute,"Add type=""button"" (or ""submit"" for form buttons)",False,
src\app\admin\properties\[id]\page.tsx,92,accessibility,low,<button> missing explicit type attribute,"Add type=""button"" (or ""submit"" for form buttons)",False,
src\app\admin\properties\[id]\page.tsx,129,accessibility,low,Heading level skips from h1 to h3,Use h2 instead of h3,False,
src\app\admin\properties\page.tsx,52,accessibility,low,<button> missing explicit type attribute,"Add type=""button"" (or ""submit"" for form buttons)",False,
src\app\admin\properties\page.tsx,112,accessibility,low,Heading level skips from h1 to h3,Use h2 instead of h3,False,
src\app\admin\reports\schedules\page.tsx,223,accessibility,low,<button> missing explicit type attribute,"Add type=""button"" (or ""submit"" for form buttons)",False,
src\app\admin\reports\schedules\page.tsx,228,accessibility,low,<button> missing explicit type attribute,"Add type=""button"" (or ""submit"" for form buttons)",False,
src\app\admin\reports\schedules\page.tsx,231,accessibility,low,<button> missing explicit type attribute,"Add type=""button"" (or ""submit"" for form buttons)",False,
src\app\admin\reports\schedules\page.tsx,234,accessibility,low,<button> missing explicit type attribute,"Add type=""button"" (or ""submit"" for form buttons)",False,
src\app\admin\reports\schedules\page.tsx,238,accessibility,low,<button> missing explicit type attribute,"Add type=""button"" (or ""submit"" for form buttons)",False,
src\app\admin\reports\schedules\page.tsx,178,accessibility,low,Heading level skips from h1 to h3,Use h2 instead of h3,False,
src\app\admin\settings\page.tsx,99,accessibility,low,Heading level skips from h1 to h3,Use h2 instead of h3,False,
src\app\admin\settings\policies\page.tsx,170,accessibility,low,<button> missing explicit type attribute,"Add type=""button"" (or ""submit"" for form buttons)",False,
src\app\admin\settings\users\page.tsx,313,accessibility,medium,<div> with onClick but no ARIA role,"Add role=""button"" and onKeyDown handler, or use <button>",False,
src\app\admin\settings\users\page.tsx,220,accessibility,low,Heading level skips from h1 to h3,Use h2 instead of h3,False,
src\app\admin\tenants\page.tsx,51,accessibility,low,<button> missing explicit type attribute,"Add type=""button"" (or ""submit"" for form buttons)",False,
src\app\admin\tenants\page.tsx,97,accessibility,low,Heading level skips from h1 to h3,Use h2 instead of h3,False,
src\app\admin\vendors\page.tsx,107,accessibility,low,Heading level skips from h1 to h3,Use h2 instead of h3,False,
src\app\leases\page.tsx,145,accessibility,low,Heading level skips from h1 to h3,Use h2 instead of h3,False,
src\app\listings\page.tsx,87,accessibility,low,<button> missing explicit type attribute,"Add type=""button"" (or ""submit"" for form buttons)",False,
src\app\listings\page.tsx,88,accessibility,low,<button> missing explicit type attribute,"Add type=""button"" (or ""submit"" for form buttons)",False,
src\app\listings\page.tsx,309,accessibility,low,<button> missing explicit type attribute,"Add type=""button"" (or ""submit"" for form buttons)",False,
src\app\listings\page.tsx,332,accessibility,low,<button> missing explicit type attribute,"Add type=""button"" (or ""submit"" for form buttons)",False,
src\app\owner-portal\properties\page.tsx,107,accessibility,low,Heading level skips from h1 to h3,Use h2 instead of h3,False,
src\app\owner-portal\statements\page.tsx,178,accessibility,low,Heading level skips from h1 to h3,Use h2 instead of h3,False,
src\app\portal\documents\page.tsx,123,accessibility,low,Heading level skips from h1 to h3,Use h2 instead of h3,False,
src\app\portal\inspections\page.tsx,171,accessibility,low,Heading level skips from h1 to h3,Use h2 instead of h3,False,
src\app\portal\page.tsx,1027,accessibility,low,<button> missing explicit type attribute,"Add type=""button"" (or ""submit"" for form buttons)",False,
src\app\portal\page.tsx,1257,accessibility,low,<button> missing explicit type attribute,"Add type=""button"" (or ""submit"" for form buttons)",False,
src\app\portal\page.tsx,342,accessibility,low,Heading level skips from h1 to h3,Use h2 instead of h3,False,
src\app\portal\repairs\page.tsx,159,accessibility,low,Heading level skips from h1 to h3,Use h2 instead of h3,False,
src\app\portal\settings\page.tsx,130,accessibility,low,Heading level skips from h1 to h3,Use h2 instead of h3,False,
src\app\reports\page.tsx,113,accessibility,low,<button> missing explicit type attribute,"Add type=""button"" (or ""submit"" for form buttons)",False,
src\app\reports\page.tsx,170,accessibility,low,<button> missing explicit type attribute,"Add type=""button"" (or ""submit"" for form buttons)",False,
src\app\reports\page.tsx,157,accessibility,low,Heading level skips from h1 to h3,Use h2 instead of h3,False,
src\app\tenants\[id]\page.tsx,142,accessibility,low,<button> missing explicit type attribute,"Add type=""button"" (or ""submit"" for form buttons)",False,
src\app\tenants\[id]\page.tsx,344,accessibility,low,<button> missing explicit type attribute,"Add type=""button"" (or ""submit"" for form buttons)",False,
src\app\tenants\[id]\page.tsx,448,accessibility,low,<button> missing explicit type attribute,"Add type=""button"" (or ""submit"" for form buttons)",False,
src\app\tenants\[id]\page.tsx,192,accessibility,low,Heading level skips from h1 to h3,Use h2 instead of h3,False,
src\app\tenants\page.tsx,44,accessibility,low,<button> missing explicit type attribute,"Add type=""button"" (or ""submit"" for form buttons)",False,
src\app\tenants\page.tsx,106,accessibility,low,Heading level skips from h1 to h3,Use h2 instead of h3,False,
src\app\vendor-portal\page.tsx,697,accessibility,low,<button> missing explicit type attribute,"Add type=""button"" (or ""submit"" for form buttons)",False,
src\app\vendor-portal\page.tsx,702,accessibility,low,<button> missing explicit type attribute,"Add type=""button"" (or ""submit"" for form buttons)",False,
src\app\vendor-portal\page.tsx,709,accessibility,low,<button> missing explicit type attribute,"Add type=""button"" (or ""submit"" for form buttons)",False,
src\components\ActivityFeed.tsx,117,accessibility,low,<button> missing explicit type attribute,"Add type=""button"" (or ""submit"" for form buttons)",False,
src\components\ComposeSMSModal.tsx,156,accessibility,low,<button> missing explicit type attribute,"Add type=""button"" (or ""submit"" for form buttons)",False,
src\components\ComposeSMSModal.tsx,146,accessibility,medium,<div> with onClick but no ARIA role,"Add role=""button"" and onKeyDown handler, or use <button>",False,
src\components\EndLeaseModal.tsx,61,accessibility,low,<button> missing explicit type attribute,"Add type=""button"" (or ""submit"" for form buttons)",False,
src\components\IncomeCertificationModal.tsx,263,accessibility,low,<button> missing explicit type attribute,"Add type=""button"" (or ""submit"" for form buttons)",False,
src\components\MaintenanceTicketModal.tsx,110,accessibility,low,<button> missing explicit type attribute,"Add type=""button"" (or ""submit"" for form buttons)",False,
src\components\MoveLeaseModal.tsx,135,accessibility,low,<button> missing explicit type attribute,"Add type=""button"" (or ""submit"" for form buttons)",False,
src\components\PostRentModal.tsx,74,accessibility,low,<button> missing explicit type attribute,"Add type=""button"" (or ""submit"" for form buttons)",False,
src\components\ReconciliationDrawer.tsx,99,accessibility,low,<button> missing explicit type attribute,"Add type=""button"" (or ""submit"" for form buttons)",False,
src\components\TenantAI.tsx,316,accessibility,low,<button> missing explicit type attribute,"Add type=""button"" (or ""submit"" for form buttons)",False,
src\components\TenantCheck.tsx,20,accessibility,low,<button> missing explicit type attribute,"Add type=""button"" (or ""submit"" for form buttons)",False,
src\components\TenantCheck.tsx,21,accessibility,low,<button> missing explicit type attribute,"Add type=""button"" (or ""submit"" for form buttons)",False,
